<?xml version="1.0" encoding="UTF-8" ?>
<!DOCTYPE ruleset PUBLIC "dtd/SRML-simpleRules.dtd" "../dtd/SRML-simpleRules.dtd">
<ruleset name="nopjo.nosjo1-3.noepo1-4bnewmanip">
    <rule name="nopjo.nosjo1-3.noepo1-4bnewmanip">
        <conditionPart>
            <simpleCondition className="Demographics">
                <naryExp operator="and">
                    <binaryExp operator="eq">
                        <field name="citizenship" />
                        <constant type="string" value="us" />
                    </binaryExp>
                    <binaryExp operator="neq">
                        <field name="ratlifflab.uflliz.pjo4" />
                        <constant type="string" value="i" />
                    </binaryExp>
                    <binaryExp operator="neq">
                        <field name="ratlifflab.uflliz.pjo4" />
                        <constant type="string" value="c" />
                    </binaryExp>
                    <binaryExp operator="neq">
                        <field name="ratlifflab.uflliz.sjo2" />
                        <constant type="string" value="i" />
                    </binaryExp>
                    <binaryExp operator="neq">
                        <field name="ratlifflab.uflliz.sjo2" />
                        <constant type="string" value="c" />
                    </binaryExp>
                    <binaryExp operator="neq">
                        <field name="ratlifflab.uflliz.sjo1" />
                        <constant type="string" value="i" />
                    </binaryExp>
                    <binaryExp operator="neq">
                        <field name="ratlifflab.uflliz.sjo1" />
                        <constant type="string" value="c" />
                    </binaryExp>
                    <binaryExp operator="neq">
                        <field name="ratlifflab.uflliz.sjo2nochooser" />
                        <constant type="string" value="i" />
                    </binaryExp>
                    <binaryExp operator="neq">
                        <field name="ratlifflab.uflliz.sjo2nochooser" />
                        <constant type="string" value="c" />
                    </binaryExp>
                    <binaryExp operator="neq">
                        <field name="ratlifflab.uflliz.epo1" />
                        <constant type="string" value="i" />
                    </binaryExp>
                    <binaryExp operator="neq">
                        <field name="ratlifflab.uflliz.epo1" />
                        <constant type="string" value="c" />
                    </binaryExp>
                    <binaryExp operator="neq">
                        <field name="ratlifflab.uflliz.sjo3" />
                        <constant type="string" value="i" />
                    </binaryExp>
                    <binaryExp operator="neq">
                        <field name="ratlifflab.uflliz.sjo3" />
                        <constant type="string" value="c" />
                    </binaryExp>
                    <binaryExp operator="neq">
                        <field name="ratlifflab.uflliz.epo1b" />
                        <constant type="string" value="i" />
                    </binaryExp>
                    <binaryExp operator="neq">
                        <field name="ratlifflab.uflliz.epo1b" />
                        <constant type="string" value="c" />
                    </binaryExp>
                    <binaryExp operator="neq">
                        <field name="ratlifflab.uflliz.epo1bv2" />
                        <constant type="string" value="i" />
                    </binaryExp>
                    <binaryExp operator="neq">
                        <field name="ratlifflab.uflliz.epo1bv2" />
                        <constant type="string" value="c" />
                    </binaryExp>
                    <binaryExp operator="neq">
                        <field name="ratlifflab.uflliz.epo2" />
                        <constant type="string" value="i" />
                    </binaryExp>
                    <binaryExp operator="neq">
                        <field name="ratlifflab.uflliz.epo2" />
                        <constant type="string" value="c" />
                    </binaryExp>
                    <binaryExp operator="neq">
                        <field name="ratlifflab.uflliz.epo2b" />
                        <constant type="string" value="i" />
                    </binaryExp>
                    <binaryExp operator="neq">
                        <field name="ratlifflab.uflliz.epo2b" />
                        <constant type="string" value="c" />
                    </binaryExp>
                    <binaryExp operator="neq">
                        <field name="ratlifflab.uflliz.epo3" />
                        <constant type="string" value="i" />
                    </binaryExp>
                    <binaryExp operator="neq">
                        <field name="ratlifflab.uflliz.epo3" />
                        <constant type="string" value="c" />
                    </binaryExp>
                    <binaryExp operator="neq">
                        <field name="ratlifflab.uflliz.epo4" />
                        <constant type="string" value="i" />
                    </binaryExp>
                    <binaryExp operator="neq">
                        <field name="ratlifflab.uflliz.epo4" />
                        <constant type="string" value="c" />
                    </binaryExp>
                    <binaryExp operator="neq">
                        <field name="ratlifflab.uflliz.epo4b" />
                        <constant type="string" value="i" />
                    </binaryExp>
                    <binaryExp operator="neq">
                        <field name="ratlifflab.uflliz.epo4b" />
                        <constant type="string" value="c" />
                    </binaryExp>
                    <binaryExp operator="neq">
                        <field name="ratlifflab.uflliz.epo4bv2" />
                        <constant type="string" value="i" />
                    </binaryExp>
                    <binaryExp operator="neq">
                        <field name="ratlifflab.uflliz.epo4bv2" />
                        <constant type="string" value="c" />
                    </binaryExp>
                    <binaryExp operator="neq">
                        <field name="ratlifflab.uflliz.epo4bnewmaip" />
                        <constant type="string" value="i" />
                    </binaryExp>
                    <binaryExp operator="neq">
                        <field name="ratlifflab.uflliz.epo4bnewmaip" />
                        <constant type="string" value="c" />
                    </binaryExp>
                </naryExp>
            </simpleCondition>
        </conditionPart>
        <actionPart>
            <assignment>
                <variable name="odds" />
                <constant type="int" value="26" />
            </assignment>
        </actionPart>
    </rule>
</ruleset>