<?xml version="1.0" encoding="UTF-8" ?>
<!DOCTYPE ruleset PUBLIC "dtd/SRML-simpleRules.dtd" "../dtd/SRML-simpleRules.dtd">
<ruleset name="">
    <rule name="">
        <conditionPart>
            <simpleCondition className="Demographics">
                <naryExp operator="and">
                    <binaryExp operator="eq">
                        <field name="started_studies" />
                        <constant type="int" value="0" />
                    </binaryExp>
                </naryExp>
            </simpleCondition>
        </conditionPart>
        <actionPart>
            <assignment>
                <variable name="odds" />
                <constant type="int" value="26" />
            </assignment>
        </actionPart>
    </rule>
</ruleset>