<?xml version="1.0" encoding="UTF-8"?>
<!-- Don't edit anything above this line! -->

<Study id="ratlifflab.uflliz.epo2" datagroup="research">
	
<Definitions>
		
	<Task id="startpage">/common/en-us/html/Instructions.jsp</Task>
	<Task id="consent">consent.html</Task>
	<Task id="realstart">realstart.html</Task>
	

<Task id="goalpost1">goalpost1.html</Task>
		

	<Task id="pes">pes.jsp</Task>	
		
	<Task id="ent_types">ent_types.jsp</Task>


	<Task id="svsinstruc">svsinstruc.html</Task>

	<Task id="longsvs">longsvs.jsp</Task>

<Task id="goalpost2">goalpost2.html</Task>

				
				<Task id="iatinstructions">iatinstructions.html</Task>
				<Task id="raceiata" file="raceiata.xml" properties="iatdefaults.xml">/common/all/js/iatjs/iattaskj.jsp</Task>
				<Task id="raceiatb" file="raceiatb.xml" properties="iatdefaults.xml">/common/all/js/iatjs/iattaskj.jsp</Task>
	
	<Task id="debriefing">debriefing.jsp</Task>		
	<Task id="lastpage">lastpage.html</Task>
		
		
		
</Definitions>



<Map>
	
	
	<Task id="startpage">/common/en-us/html/Instructions.jsp</Task>
	<Task id="consent">consent.html</Task>
	<Task id="realstart">realstart.html</Task>
		
		
		
<Task id="goalpost1">goalpost1.html</Task>

	<Task id="pes">pes.jsp</Task>
	<Task id="ent_types">ent_types.jsp</Task>
	
		
<Task id="svsinstruc">svsinstruc.html</Task>
	<Task id="longsvs">longsvs.jsp</Task>

		
<Task id="goalpost2">goalpost2.html</Task>
						
	<Task id="iatinstructions">iatinstructions.html</Task>

	<Branch id = "whichiat" type = "group" select = "1">
		<Task id="raceiata" file="raceiata.xml" properties="iatdefaults.xml">/common/all/js/iatjs/iattaskj.jsp</Task>
		<Task id="raceiatb" file="raceiatb.xml" properties="iatdefaults.xml">/common/all/js/iatjs/iattaskj.jsp</Task>
	</Branch>

	<Task id="debriefing">debriefing.jsp</Task>		

	<Task id="lastpage">lastpage.html</Task>
	

</Map>
</Study>