<?xml version="1.0" encoding="UTF-8"?>
<!-- Don't edit anything above this line! -->

<Study id="ratlifflab.uflliz.epo4bv2" datagroup="research">
	
<Definitions>
		
	<Task id="startpage">/common/en-us/html/Instructions.jsp</Task>
	<Task id="consent">consent.html</Task>
	<Task id="realstart">realstart.html</Task>
	
	<Task id="studychooser">studychooser.html</Task>		
		
	<Task id="manipinstruc">manipinstruc.html</Task>

	<Task id="hient">hient.html</Task>
	<Task id="lowent">lowent.html</Task>

	<Task id="svsinstruc">svsinstruc.html</Task>
	<Task id="longsvs">longsvs.jsp</Task>
	
<Task id="goalpost1b">goalpost1b.html</Task>

	<Task id="retribjorient">retribjorient.jsp</Task>	
	<Task id="statusresmot">statusresmot.jsp</Task>	
	<Task id="crimethreat">crimethreat.jsp</Task>	


<Task id="goalpost2">goalpost2.html</Task>
				
		<Task id="iatinstructions">iatinstructions.html</Task>
		<Task id="raceiata" file="raceiata.xml" properties="iatdefaults.xml">/common/all/js/iatjs/iattaskj.jsp</Task>
		<Task id="raceiatb" file="raceiatb.xml" properties="iatdefaults.xml">/common/all/js/iatjs/iattaskj.jsp</Task>
	
	<Task id="debriefing">debriefing.jsp</Task>		
	<Task id="lastpage">lastpage.html</Task>
		
</Definitions>






<Map>
	
	
	<Task id="startpage">/common/en-us/html/Instructions.jsp</Task>
	<Task id="consent">consent.html</Task>

	<Task id="studychooser">studychooser.html</Task>
	<Task id="realstart">realstart.html</Task>
		
		
	<Task id="manipinstruc">manipinstruc.html</Task>
		
<Branch id = "power legit" type = "group" select = "1">
	<Task id="hient">hient.html</Task>
	<Task id="lowent">lowent.html</Task>
</Branch>

<Branch id = "valuesorjorientorder" type = "group">

	<Branch id = "values" type = "group">
		<Task id="svsinstruc">svsinstruc.html</Task>
		<Task id="longsvs">longsvs.jsp</Task>
	</Branch>
	
	<Branch id = "jorient" type = "group">
		<Task id="goalpost1b">goalpost1b.html</Task>
		<Task id="retribjorient">retribjorient.jsp</Task>	
		<Task id="statusresmot">statusresmot.jsp</Task>	
		<Task id="crimethreat">crimethreat.jsp</Task>	
	</Branch>			
</Branch>

<Task id="goalpost2">goalpost2.html</Task>

<Branch id = "whichiat" type = "group" select = "1">
	<Task id="raceiata" file="raceiata.xml" properties="iatdefaults.xml">/common/all/js/iatjs/iattaskj.jsp</Task>
	<Task id="raceiatb" file="raceiatb.xml" properties="iatdefaults.xml">/common/all/js/iatjs/iattaskj.jsp</Task>
	</Branch>	

	<Task id="lastpage">lastpage.html</Task>
	<Task id="debriefing">debriefing.jsp</Task>


	

</Map>
</Study>